customer_id,customer_name,email,registration_date,customer_type
1,Lucky Narula,ranbir60@example.com,2023-10-10,REGULAR
2,Owen Kara,amaira22@example.net,2025-05-07,REGULAR
3,Onveer Wagle,odhar@example.org,2023-10-27,VIP
4,Aadhya Kothari,indalisidhu@example.com,2024-03-31,VIP
5,Krishna Ramakrishnan,sarthak86@example.net,2026-02-10,REGULAR
6,Pratyush Deshmukh,wgarg@example.org,2023-10-05,REGULAR
7,Harish Prasad,advay83@example.org,2023-09-12,REGULAR
8,Kabir Vasa,finnhayer@example.com,2025-04-24,VIP
9,Balvan Bumb,fbassi@example.org,2023-11-03,REGULAR
10,Nirja Ganesan,manyapau@example.com,2024-03-17,VIP
11,Adweta Chad,dubeygopal@example.net,2024-06-07,REGULAR
12,Udarsh Mahal,kallahemal@example.net,2024-04-20,PREMIUM
13,Unnati Chowdhury,saggarwal@example.com,2025-01-07,REGULAR
14,Ayaan Parmer,merchantdaksha@example.com,2023-07-09,REGULAR
15,Abdul Magar,oommenkabir@example.net,2024-01-18,PREMIUM
16,Upadhriti Oak,gbail@example.com,2023-10-14,REGULAR
17,Ishani Parsa,chaudharibahadurjit@example.com,2026-02-08,PREMIUM
18,Udyati Sandal,ananddivya@example.org,2023-07-30,PREMIUM
19,Siddharth Tara,kmandal@example.com,2025-05-10,PREMIUM
20,Eta Sangha,gkalita@example.com,2023-10-28,REGULAR
21,Pahal Kakar,sudiksha71@example.com,2024-03-31,VIP
22,Aahana Dua,cnarang@example.net,2023-08-24,PREMIUM
23,Diya Kamdar,tganesh@example.net,2026-04-24,PREMIUM
24,Vritti Narain,hseshadri@example.com,2023-10-04,VIP
25,Isaiah Tank,prabhakarjeet@example.org,2024-07-18,PREMIUM
26,Yuvraj Narula,buchvictor@example.com,2026-03-01,VIP
27,Wyatt Subramanian,rajanazaan@example.org,2025-11-15,VIP
28,Triveni Mann,advay03@example.com,2025-07-09,PREMIUM
29,Caleb Khatri,sahareyansh@example.com,2024-02-21,REGULAR
30,Ekapad Dara,aarnavsehgal@example.com,2024-12-24,PREMIUM
31,Unnati D’Alia,aray@example.com,2023-12-12,VIP
32,Anvi Rajan,ganga92@example.net,2024-06-03,REGULAR
33,Garima Ramesh,anushakhurana@example.com,2023-12-13,REGULAR
34,Lucky Kumer,shenoyoliver@example.org,2023-12-24,VIP
35,Jeet Swaminathan,fariq69@example.org,2024-01-23,VIP
36,Aayush Brahmbhatt,xchoudhry@example.net,2024-04-22,VIP
37,Ranbir Bhavsar,ethaker@example.org,2024-10-07,VIP
38,Aditya Bhardwaj,chadaarini@example.org,2025-08-17,PREMIUM
39,Yashica Dhar,braju@example.com,2026-06-23,VIP
40,Dev Ghosh,avnigopal@example.com,2025-05-16,REGULAR
41,Rachita Ahluwalia,qadim32@example.org,2025-04-01,REGULAR
42,Sathvik Bassi,omyasarma@example.com,2025-09-29,REGULAR
43,Anamika Pradhan,jhalak00@example.net,2024-09-08,PREMIUM
44,Ayushman Rao,gavin82@example.org,2024-03-10,REGULAR
45,Mohini Bhardwaj,faras82@example.com,2025-03-06,VIP
46,Hemal Arya,chavvi81@example.com,2025-12-13,PREMIUM
47,Abdul Mohan,acharyawyatt@example.com,2025-04-20,PREMIUM
48,Tanish Peri,dewanavni@example.org,2025-11-27,VIP
49,Vrinda Yogi,ghoshvedika@example.com,2025-02-02,PREMIUM
50,Saanvi Manda,zinalkoshy@example.net,2024-02-26,VIP
51,Vrinda Bera,siya93@example.com,2026-04-02,PREMIUM
52,Radhika Aggarwal,liam11@example.org,2024-04-08,PREMIUM
53,Ethan Varty,yramaswamy@example.net,2025-09-03,PREMIUM
54,Vanya Thakkar,prabhakarfaqid@example.org,2024-01-25,REGULAR
55,Rachita Borah,devichatura@example.org,2023-12-31,REGULAR
56,Christopher Jhaveri,sbajaj@example.net,2025-06-29,REGULAR
57,Yatin Bail,zkhanna@example.net,2024-11-23,REGULAR
58,Rehaan Kala,ganga43@example.com,2026-06-03,PREMIUM
59,Banjeet Joshi,wyatt32@example.com,2024-10-09,PREMIUM
60,Chandani Nazareth,tmuni@example.com,2025-03-04,PREMIUM
61,Warda Nazareth,ekapad20@example.com,2025-07-31,VIP
62,Abhiram Shenoy,qbhasin@example.com,2025-11-26,REGULAR
63,Bishakha Sheth,owenmukhopadhyay@example.com,2024-01-18,REGULAR
64,Urvi Din,xkumar@example.net,2025-09-28,VIP
65,Wazir Grover,fdin@example.org,2024-08-19,VIP
66,Zinal Parmar,pramachandran@example.net,2024-07-03,PREMIUM
67,Frederick Agate,wallaucchal@example.net,2024-03-21,PREMIUM
68,Ekiya Hayer,aadi90example.org,2025-05-26,VIP
69,Veda Kashyap,udyati13@example.net,2025-12-20,PREMIUM
70,Gautam Dasgupta,jagrati81@example.com,2024-04-14,REGULAR
71,Harish Sane,aparikh@example.org,2026-02-09,REGULAR
72,Michael Dixit,fsrivastava@example.net,2026-04-25,PREMIUM
73,Zayyan Kalla,quincy77@example.com,2024-12-20,VIP
74,Manbir Varkey,balvan89@example.org,2023-08-02,REGULAR
75,Avi Sarraf,victoryogi@example.org,2025-05-08,REGULAR
76,Hritik Hans,varmabhavna@example.com,2025-01-08,VIP
77,Ekansh Bains,sagarharish@example.net,2023-09-07,VIP
78,Aishani Vaidya,wbhattacharyya@example.com,2025-08-04,REGULAR
79,Vritti Narayanan,udarshdhingra@example.org,2026-04-02,PREMIUM
80,Frederick Savant,jagdish90@example.com,2023-08-05,PREMIUM
81,Luke Ray,gandhilibni@example.net,2025-09-22,REGULAR
82,Diya Ravel,ekantika50@example.com,2024-10-20,REGULAR
83,Hemangini Saha,tanvi75@example.com,2023-08-10,PREMIUM
84,Jackson Merchant,dorabarkha@example.net,2026-05-23,VIP
85,Hemangini Sanghvi,lakshmi65@example.org,2025-06-29,REGULAR
86,Lipika Basu,mpalla@example.org,2024-12-02,VIP
87,Aryan Bora,subramanianoni@example.com,2024-03-20,VIP
88,Avni Guha,khuranameghana@example.org,2024-03-24,PREMIUM
89,Tanay Bhat,syogi@example.net,2024-10-28,VIP
90,Leela Balakrishnan,ovarghese@example.org,2026-06-02,VIP
91,Balvan Chadha,nadigucchal@example.org,2024-03-15,PREMIUM
92,Warda Devi,mekhala07@example.com,2025-01-05,VIP
93,Nitara Kuruvilla,amara91@example.org,2024-09-26,PREMIUM
94,Peter Bhasin,ojasvibrahmbhatt@example.com,2025-04-03,PREMIUM
95,Anmol Tella,chaudhurisimon@example.org,2026-05-15,REGULAR
96,Christopher Kunda,sahniyatan@example.com,2025-12-05,REGULAR
97,Sanya Karan,champak04@example.net,2025-01-24,REGULAR
98,Chakrika Pau,david10@example.org,2025-02-22,REGULAR
99,Onkar Bahl,samuelkaul@example.net,2025-03-09,VIP
100,Om Mohan,ndada@example.com,2023-11-04,REGULAR
101,Nikita Mandal,grewaleiravati@example.org,2024-02-22,PREMIUM
102,Turvi Sankar,shauryapuri@example.com,2024-01-31,REGULAR
103,Vyanjana Mall,vasatikadube@example.org,2026-02-16,PREMIUM
104,Nisha Jayaraman,tpalla@example.org,2025-11-18,REGULAR
105,Manbir Deshmukh,kbadal@example.com,2026-05-10,VIP
106,Upasna Morar,chandanikaran@example.net,2026-05-12,REGULAR
107,Jeremiah Bhattacharyya,ibuch@example.org,2026-01-26,PREMIUM
108,Frederick Badal,lgala@example.com,2025-10-04,REGULAR
109,Ishanvi Oza,ekavir27@example.com,2025-01-31,PREMIUM
110,Mohammed Datta,jvala@example.org,2025-05-17,PREMIUM
111,Parth Kulkarni,csahota@example.net,2024-07-28,REGULAR
112,Eesha Aggarwal,nayarandrew@example.org,2025-11-12,VIP
113,Simon Dhillon,parekhchaman@example.net,2023-10-03,PREMIUM
114,Vihaan Grewal,soniradhika@example.com,2023-07-17,REGULAR
115,Maanav Patla,aarna75@example.org,2024-12-11,REGULAR
116,Yashawini Jha,vaidyatanmayi@example.net,2024-04-08,REGULAR
117,Kalpit Hegde,shethyasti@example.org,2025-06-18,PREMIUM
118,Chakradhar Sekhon,idikadewan@example.org,2024-11-16,REGULAR
119,Nirja Agarwal,gopal08@example.net,2026-06-10,VIP
120,Gavin Kari,ekantika58@example.com,2025-08-07,VIP
121,Banjeet Gera,zayanmenon@example.net,2025-03-20,REGULAR
122,Jason Nair,tanmayi62@example.org,2023-07-15,REGULAR
123,Bina Gera,nmand@example.com,2025-06-23,PREMIUM
124,Vidhi Balakrishnan,ozawarinder@example.org,2024-01-28,PREMIUM
125,Aryan Madan,wyattmann@example.org,2026-03-06,REGULAR
126,Shravya Wali,yagnesh43@example.com,2024-04-29,PREMIUM
127,Warinder Virk,anitasaini@example.net,2024-03-31,PREMIUM
128,Bina Sachar,minhaspriya@example.com,2026-04-14,VIP
129,Anvi Naik,kaurchandran@example.com,2023-10-01,VIP
130,Hamsini Balasubramanian,vkhatri@example.org,2024-09-23,PREMIUM
131,Harita Ram,qmitter@example.net,2024-12-27,PREMIUM
132,Neelima Chandra,qadimvarma@example.com,2024-03-26,REGULAR
133,Ekalinga Chadha,neelkadakia@example.org,2024-12-27,VIP
134,Gabriel Kamdar,keyakrishnamurthy@example.net,2023-10-06,PREMIUM
135,Tanvi Date,jananichad@example.net,2024-02-14,VIP
136,Arjun Virk,bhagatxavier@example.com,2026-03-11,VIP
137,Gaurangi Bhavsar,ydhingra@example.org,2025-03-05,VIP
138,Lohit Kari,mishralekha@example.com,2025-08-09,REGULAR
139,Waida Din,dhartheodore@example.org,2024-10-23,REGULAR
140,Yug Mitter,bhavsarhredhaan@example.org,2024-03-11,REGULAR
141,Adweta Lanka,nakul71@example.org,2025-05-27,VIP
142,Yasti Nair,tarak05@example.com,2026-01-07,VIP
143,Kala Parmer,wriddhishpuri@example.com,2023-09-24,REGULAR
144,Jeet Chakraborty,jai36@example.net,2025-10-08,VIP
145,Amol Parmar,pranit76@example.com,2025-02-06,PREMIUM
146,Laksh Bala,triptigaba@example.com,2025-02-15,REGULAR
147,Jalsa Chhabra,charqarin@example.com,2024-03-16,PREMIUM
148,Gaurangi Balay,saisarraf@example.net,2023-12-08,PREMIUM
149,Chaitaly Merchant,behlfrado@example.com,2025-11-09,VIP
150,Leela Jhaveri,egrover@example.net,2023-10-27,PREMIUM
151,Dhriti Keer,vasana30@example.org,2023-10-07,REGULAR
152,Joshua D’Alia,lakshmisampathexample.net,2024-09-10,VIP
153,Owen Ramanathan,ikapoor@example.net,2024-08-15,REGULAR
154,Pratyush Morar,blata@example.net,2025-02-21,REGULAR
155,Vrishti Samra,godaabhimanyu@example.net,2024-04-07,REGULAR
156,Zaid Barad,pahal62@example.org,2024-11-28,REGULAR
157,Upkaar Shah,rachana97@example.org,2025-10-22,PREMIUM
158,Harinakshi Chanda,jagvisehgal@example.com,2026-02-12,PREMIUM
159,Vaishnavi Saran,wkeer@example.org,2025-12-08,VIP
160,Nitesh Ramesh,chatura24@example.org,2024-05-29,VIP
161,Guneet Pandit,vritti26@example.org,2024-12-19,VIP
162,Ira Purohit,triptigandhi@example.org,2024-01-04,PREMIUM
163,Girindra Raghavan,pramachandran@example.org,2023-12-31,REGULAR
164,Harshil Nori,siddharth25@example.com,2024-04-06,REGULAR
165,Advik Gulati,upadhriti72@example.net,2024-06-11,REGULAR
166,Nathaniel Ratta,ryandara@example.org,2024-09-02,REGULAR
167,Ryan Bandi,ebail@example.com,2025-05-17,VIP
168,Aahana Anne,karniktejas@example.org,2026-02-16,PREMIUM
169,Unnati Dar,shuklamadhav@example.com,2024-03-30,VIP
170,Siya Jani,atwaljyoti@example.net,2023-09-14,VIP
171,Yauvani Khatri,ekaraj16@example.net,2023-09-03,REGULAR
172,Max Iyengar,pandyakrish@example.org,2025-06-08,PREMIUM
173,Rajeshri Murty,mvala@example.net,2023-09-19,REGULAR
174,Maya Sur,nagyaviexample.net,2024-08-16,REGULAR
175,Falguni Pau,shettyaarini@example.com,2024-04-12,PREMIUM
176,Zayyan Muni,gopalchauhan@example.com,2025-08-25,PREMIUM
177,Eiravati Master,shuklamanbir@example.com,2024-05-25,PREMIUM
178,Wyatt Modi,wardaoak@example.com,2023-10-16,REGULAR
179,Aarini Parmar,vigshaurya@example.com,2026-04-27,VIP
180,Ekapad Madan,tbuch@example.org,2024-07-22,VIP
181,Onkar Srinivasan,ssama@example.org,2026-06-30,PREMIUM
182,Liam Aurora,bajajbachittar@example.net,2025-12-06,REGULAR
183,Liam Randhawa,gargpavani@example.org,2024-07-25,REGULAR
184,Chaitaly Nayar,ibadal@example.com,2023-09-16,REGULAR
185,Udant Krishna,spant@example.net,2024-11-23,REGULAR
186,Rehaan Buch,samraharish@example.com,2024-12-12,VIP
187,Omisha Bansal,nakul96@example.net,2025-08-13,VIP
188,Upma Gopal,isaiah09@example.net,2025-01-24,PREMIUM
189,Jairaj Sarin,rmukhopadhyay@example.com,2025-06-03,VIP
190,Utkarsh De,advika54@example.org,2023-12-27,REGULAR
191,Bhavya Krishna,owenloyal@example.com,2025-07-16,REGULAR
192,Turvi Kata,deolekiya@example.com,2024-06-05,REGULAR
193,Gavin Kunda,samar70@example.net,2026-05-12,PREMIUM
194,Lucky Kuruvilla,yashica54@example.net,2025-11-08,PREMIUM
195,Arin Chanda,patlakai@example.net,2024-05-14,VIP
196,Meghana Thakur,girishpradhan@example.net,2024-03-02,PREMIUM
197,Gabriel Nath,ayushmanpal@example.com,2024-01-12,VIP
198,Dominic Tandon,zaitra56@example.net,2025-10-31,REGULAR
199,Anamika Agarwal,shravyakonda@example.net,2025-11-30,REGULAR
200,Laksh Roy,ridhibakshi@example.com,2024-10-29,PREMIUM
201,Ekiya Dutt,ishachoudhary@example.org,2026-04-19,REGULAR
202,Neelima Borah,abail@example.com,2024-05-03,VIP
203,Tanay Bhavsar,sandalwriddhish@example.net,2023-11-07,PREMIUM
204,Urvi Sankar,divyasangha@example.com,2025-01-08,REGULAR
205,Urvashi Cherian,narayanansamar@example.net,2023-11-14,PREMIUM
206,Indrajit Kaur,lvyas@example.net,2023-12-20,VIP
207,Ikshita Gala,timothy61@example.net,2023-08-03,VIP
208,Devansh Peri,ddevi@example.net,2024-01-05,REGULAR
209,Neelima Wason,yashoda76@example.org,2026-02-24,PREMIUM
210,Zaitra Tripathi,hemanideep@example.net,2024-12-16,PREMIUM
211,Chatura Lala,okale@example.com,2024-09-04,VIP
212,Mekhala Mall,utara@example.com,2024-08-27,VIP
213,Om Sunder,chakrabortyqadim@example.org,2025-09-09,PREMIUM
214,Vyanjana Ratti,cheemadamyanti@example.org,2026-05-29,VIP
215,Dayamai Nath,sgokhale@example.net,2025-09-11,VIP
216,Radha Bhandari,kulkarnigeetika@example.net,2025-08-24,REGULAR
217,Nidra Chad,isavant@example.org,2024-01-01,REGULAR
218,Onkar Dayal,uvenkatesh@example.net,2024-07-07,VIP
219,Sai Acharya,wallakiaan@example.net,2023-11-08,VIP
220,Krish Deshmukh,tripti90@example.net,2024-05-31,REGULAR
221,Sathvik Amble,jkala@example.org,2023-09-12,REGULAR
222,Vihaan Zacharia,osama@example.org,2025-09-17,PREMIUM
223,Lucky Oommen,misramichael@example.com,2025-05-29,VIP
224,Aashi Ghose,ukade@example.com,2025-12-02,VIP
225,Neelima Deshmukh,avnikumer@example.org,2025-01-24,VIP
226,Owen Goda,yashvi07@example.org,2024-01-22,PREMIUM
227,Eiravati Palan,inaya45@example.net,2024-07-05,VIP
228,Kritika Johal,bakhshiahuja@example.com,2023-07-20,REGULAR
229,Adya Ahuja,robertgulati@example.org,2025-04-30,VIP
230,Hema Mann,netra96@example.com,2024-12-21,VIP
231,Avi Solanki,karadvay@example.net,2023-08-02,REGULAR
232,Reyansh Chakraborty,shivanshsen@example.com,2023-11-01,PREMIUM
233,Nicholas Jaggi,udarsh53@example.org,2024-12-22,REGULAR
234,Quincy Kadakia,mbandi@example.com,2026-02-01,REGULAR
235,Ayushman Uppal,anamikasubramaniam@example.net,2026-05-20,VIP
236,Darsh Bhavsar,bhaktaaarna@example.org,2026-05-14,PREMIUM
237,Pallavi Solanki,abeerpadmanabhan@example.org,2024-07-23,PREMIUM
238,Charan Bhalla,snehabuch@example.com,2025-12-04,VIP
239,Raagini Dubey,pranit31@example.net,2024-08-05,VIP
240,Hardik Varkey,anarula@example.org,2026-05-05,REGULAR
241,Yutika Parikh,champakshah@example.net,2024-04-17,VIP
242,Chaitaly Narang,smorar@example.org,2026-03-19,PREMIUM
243,Zehaan Manne,saanvi88@example.com,2026-01-19,REGULAR
244,Madhav Ramesh,nagrawal@example.net,2026-03-20,REGULAR
245,Faraj Devi,rattanvedika@example.net,2024-07-11,REGULAR
246,Gautami Nagi,ladlireddy@example.com,2025-03-14,REGULAR
247,Vyanjana Majumdar,avninagarajan@example.net,2024-12-10,VIP
248,Ubika Ray,duamadhav@example.net,2026-02-11,REGULAR
249,Azad Modi,kalayadavi@example.com,2025-07-29,VIP
250,Bhavna Dayal,malhotraekapad@example.com,2025-10-22,VIP
251,Azaan Singh,idikaraja@example.com,2026-05-03,PREMIUM
252,Abdul Doshi,yagneshsrinivas@example.net,2025-03-09,REGULAR
253,Yashoda Batta,qasim99@example.com,2024-09-24,REGULAR
254,Qarin Nayak,atharv66@example.net,2024-06-12,REGULAR
255,Eiravati Cherian,chandvedika@example.net,2025-06-29,REGULAR
256,Reva Apte,forumsarkar@example.org,2025-02-13,VIP
257,Mahika Khare,hitesh75@example.net,2024-06-21,REGULAR
258,Lajita Lad,oeshidatta@example.net,2024-03-14,REGULAR
259,Jasmit Bahl,ekbal95@example.net,2024-06-05,PREMIUM
260,Chasmum Panchal,kohlikamala@example.net,2024-12-05,VIP
261,Chakradhar Das,labankibe@example.org,2024-02-11,PREMIUM
262,Damyanti Kurian,harrison96@example.com,2024-12-05,VIP
263,Chameli Krishnamurthy,vignoah@example.com,2023-07-12,PREMIUM
264,Tanvi Bawa,zansimenon@example.org,2026-01-23,VIP
265,Ekapad Nagy,noah74@example.org,2025-10-07,REGULAR
266,Max Nayar,vedabedi@example.org,2025-03-07,PREMIUM
267,Akshay Sachdeva,zachariacharan@example.com,2026-01-10,REGULAR
268,Alexander Rastogi,padmanabhanwyatt@example.net,2023-07-28,PREMIUM
269,Yahvi Tiwari,sahnipratyush@example.com,2024-10-06,VIP
270,Rachit Tripathi,asaxena@example.com,2025-11-29,REGULAR
271,Max Maharaj,bhaktachakradev@example.com,2025-07-26,REGULAR
272,Xalak Saxena,keersamesh@example.com,2023-12-22,REGULAR
273,Finn Kulkarni,yogiria@example.org,2025-07-25,PREMIUM
274,Chanakya Samra,regebrinda@example.net,2025-09-30,REGULAR
275,Tara Gupta,gmandal@example.net,2024-02-13,REGULAR
276,Abeer Dube,ydate@example.com,2023-09-25,REGULAR
277,Umang Baria,gabriel05@example.org,2025-08-08,REGULAR
278,Ira Bains,janya99@example.org,2025-01-25,PREMIUM
279,Kritika Karan,mchander@example.net,2024-04-17,PREMIUM
280,Zaitra Arora,barkhabalasubramanian@example.net,2023-07-28,PREMIUM
281,Shivani Lad,awalla@example.org,2025-08-19,VIP
282,Waida Karnik,qarin13@example.org,2024-07-27,REGULAR
283,Odika Zachariah,bhavani12@example.net,2023-11-25,VIP
284,Karan Nagi,adweta10@example.org,2024-08-17,REGULAR
285,Yamini Peri,karanparth@example.org,2023-11-23,PREMIUM
286,Ekani Sibal,fitanchana@example.org,2024-12-03,PREMIUM
287,Vrishti Badal,harshil09@example.net,2024-05-19,VIP
288,Odika Ray,zbora@example.org,2025-04-27,VIP
289,Banjeet Nori,sbir@example.org,2026-06-23,PREMIUM
290,Yahvi Mammen,xalakmadan@example.com,2024-11-26,PREMIUM
291,Bhavika Raman,dayita74@example.net,2025-06-09,PREMIUM
292,Dayita Saha,jagvigera@example.org,2025-03-28,VIP
293,Ekapad Gopal,eramesh@example.net,2024-04-10,VIP
294,Mohammed Mohanty,ubikachawla@example.org,2024-07-05,PREMIUM
295,Nimrat Kata,qarinpillai@example.net,2026-05-24,VIP
296,Teerth Din,baljiwannigam@example.net,2025-03-24,PREMIUM
297,Hemani Mall,khatrironith@example.com,2024-04-05,VIP
298,Frederick Guha,oscarhanda@example.org,2025-08-06,VIP
299,Jackson Butala,prakasharadhana@example.net,2026-05-20,PREMIUM
300,Pushti Ravel,fgour@example.org,2026-06-18,PREMIUM
301,Nicholas Anand,megharajagopal@example.org,2025-02-15,REGULAR
302,Lavanya Manne,ekta82@example.net,2023-10-20,PREMIUM
303,Ladli Randhawa,libni42@example.com,2025-01-22,PREMIUM
304,Girik Raju,kamyatailor@example.org,2025-06-22,PREMIUM
305,Barkha De,lpurohit@example.net,2025-05-19,REGULAR
306,Mahika Narain,ekiya21@example.net,2025-10-26,VIP
307,Ekalinga Dass,falakdeol@example.net,2025-02-16,PREMIUM
308,Janani Narayanan,chatterjeecharles@example.net,2024-06-17,REGULAR
309,Frederick Nagy,oshasrinivasan@example.net,2026-05-05,VIP
310,Chaitaly Sant,ekta89@example.net,2023-12-28,REGULAR
311,Farhan Chad,laban37@example.com,2024-02-26,REGULAR
312,Darpan Chahal,triyajha@example.com,2024-07-06,VIP
313,Jonathan Keer,kalapanini@example.com,2024-05-12,REGULAR
314,Mohini Saini,rohananne@example.org,2024-11-24,REGULAR
315,Anya Tata,advaith68@example.net,2025-12-26,REGULAR
316,Saksham Ratti,ishani88@example.com,2025-10-27,PREMIUM
317,Jasmit Ravel,anita11@example.org,2024-09-02,REGULAR
318,Jackson Rana,ishwar21@example.com,2024-08-07,VIP
319,Chaitanya Narayanan,meera55@example.com,2024-06-06,REGULAR
320,Amara Pingle,wakeeta62@example.net,2025-03-01,REGULAR
321,Xiti Taneja,tooranvi@example.com,2024-11-01,PREMIUM
322,Patrick Bahl,taranatarajan@example.com,2025-11-27,PREMIUM
323,Anjali Garde,naiduazaan@example.com,2024-04-14,VIP
324,Arya Chatterjee,varsha65@example.org,2025-01-07,VIP
325,Caleb Sangha,tamannaparekh@example.net,2024-09-17,VIP
326,Girik Shankar,veermukherjee@example.org,2025-04-22,VIP
327,Jalsa Pillay,azad36@example.net,2025-03-26,VIP
328,Nathaniel Devi,miteshkrishnan@example.org,2024-06-01,REGULAR
329,Kamya Rastogi,jaggiamol@example.org,2024-03-06,VIP
330,Advay Sastry,pparekh@example.com,2025-12-15,PREMIUM
331,Mahika Chhabra,fitankorpal@example.com,2026-03-28,VIP
332,Vrinda Parsa,janyasagar@example.com,2025-05-07,VIP
333,Samuel Chokshi,varshathakkar@example.net,2025-07-15,REGULAR
334,Akshay Srinivasan,ekta06@example.com,2025-01-15,PREMIUM
335,Nilima Chaudhari,zgoel@example.net,2024-06-27,PREMIUM
336,Anay Devan,girindradar@example.net,2024-05-28,PREMIUM
337,Osha Khosla,fariq56@example.com,2025-06-11,PREMIUM
338,Rudra Nair,ikar@example.org,2024-08-22,VIP
339,Hema Rana,hmisra@example.net,2024-10-07,PREMIUM
340,Hema Dar,hegdeikshita@example.org,2024-07-19,VIP
341,Priya Yohannan,karpebhavika@example.org,2026-01-14,PREMIUM
342,Ethan Mahal,ayush44@example.com,2025-12-09,VIP
343,Idika Shukla,arjun40@example.org,2025-09-02,PREMIUM
344,Vedant Minhas,indrajit05@example.com,2023-07-21,REGULAR
345,Faqid Rastogi,fariqchoudhury@example.org,2026-07-06,PREMIUM
346,Zinal Sagar,ati69@example.net,2024-01-25,PREMIUM
347,Geetika Sami,fariq70@example.com,2024-06-04,VIP
348,Elijah Mandal,zaid81@example.com,2024-01-06,REGULAR
349,Bhanumati Gole,bsinghal@example.org,2026-04-08,PREMIUM
350,Yashica Mani,indiratank@example.net,2024-07-03,REGULAR
351,Vanya Jhaveri,nehashere@example.org,2023-08-29,PREMIUM
352,Yamini Vig,bgoel@example.org,2025-01-17,VIP
353,Patrick Bhatt,nbalakrishnan@example.org,2026-02-20,PREMIUM
354,Lekha Lad,rattankala@example.com,2024-01-12,VIP
355,Bimala Dara,mukherjeeneha@example.net,2026-04-02,REGULAR
356,Aayush Tara,lavanyabakshi@example.org,2024-06-19,PREMIUM
357,Oscar Tandon,fariqkoshy@example.com,2026-04-16,REGULAR
358,Bhavani Chandra,chadhavansha@example.com,2026-06-12,VIP
359,Nathaniel Kumer,saanvisrinivasan@example.net,2026-03-29,PREMIUM
360,Anjali Sant,vyohannan@example.com,2024-12-11,REGULAR
361,Ishanvi Mitra,sabharwalrayaan@example.com,2023-10-25,PREMIUM
362,Chanchal Sani,triptipandya@example.org,2025-01-22,PREMIUM
363,Ayush Ramakrishnan,aryansanghvi@example.com,2025-09-17,PREMIUM
364,Maanav Soni,kakarbhavani@example.com,2024-01-13,VIP
365,Adya Solanki,kbabu@example.com,2026-02-10,VIP
366,Anusha Pall,wakeeta89@example.org,2024-12-19,PREMIUM
367,Pallavi Saran,thamanneelima@example.net,2026-01-26,PREMIUM
368,Manbir Mallick,amolsaini@example.org,2025-05-17,REGULAR
369,Logan Sibal,radha43@example.com,2023-08-15,REGULAR
370,Advay Yadav,mohammedbhandari@example.org,2026-03-19,VIP
371,Adweta Bhavsar,madhavijain@example.net,2026-02-19,VIP
372,Wyatt Murthy,xpatla@example.net,2024-02-11,REGULAR
373,Chandran Hayre,sunderwarjas@example.com,2025-07-22,PREMIUM
374,Kabir Pingle,usingh@example.com,2024-11-15,VIP
375,Christopher Ravel,wprabhakar@example.com,2025-09-02,REGULAR
376,Gabriel Sibal,rsharaf@example.org,2025-11-28,PREMIUM
377,Ojas Oommen,hdin@example.net,2025-05-05,REGULAR
378,Radhika Nanda,mbalan@example.org,2024-02-14,VIP
379,Gayathri Bava,jalsasem@example.org,2024-03-29,PREMIUM
380,Zehaan Ramachandran,gautamtiwari@example.com,2025-01-27,REGULAR
381,Reyansh Gour,hardik26@example.net,2025-01-29,VIP
382,Panini Mody,fkalla@example.com,2026-04-08,VIP
383,Wahab Balay,aariniganguly@example.net,2023-07-10,PREMIUM
384,Frederick Vala,warhisastry@example.com,2023-11-06,REGULAR
385,Mitesh Sundaram,panditnoah@example.com,2024-07-23,PREMIUM
386,Falan Atwal,jgandhi@example.com,2024-06-12,PREMIUM
387,Kevin Gokhale,adya71@example.net,2025-09-26,REGULAR
388,Ikshita Sarin,narangharshil@example.com,2025-12-13,PREMIUM
389,Ubika Iyengar,basunetra@example.org,2025-12-31,REGULAR
390,Vasana Dara,vyogi@example.com,2023-09-15,REGULAR
391,Eta Banik,nathanielmadan@example.net,2025-08-23,VIP
392,Simon Lanka,matthewbansal@example.org,2024-02-06,REGULAR
393,Frado Karnik,utkarshkala@example.net,2025-01-18,PREMIUM
394,Idika Sharma,lekha43@example.net,2025-09-12,REGULAR
395,Dominic Ganesan,alkaguha@example.org,2023-09-20,PREMIUM
396,Vanya Dara,rajagopalanfaris@example.net,2023-11-01,VIP
397,Janaki Acharya,baljiwan41@example.org,2026-04-18,VIP
398,Matthew Pai,yashvi47@example.org,2023-09-14,PREMIUM
399,Tripti Dasgupta,ichana@example.org,2024-03-08,VIP
400,Varsha Sengupta,bahadurjit52@example.net,2024-01-28,PREMIUM
401,Qabil Shah,sparekh@example.net,2023-12-18,REGULAR
402,Shivansh Sule,bkamdar@example.com,2024-04-05,VIP
403,Ronith Rout,ichaudhari@example.org,2023-07-18,REGULAR
404,Laban Dhingra,virkatharv@example.net,2023-07-15,PREMIUM
405,Pallavi Pau,balveerramesh@example.com,2025-03-10,REGULAR
406,Chaaya Goel,girindragill@example.com,2025-10-23,VIP
407,Avni Nair,nitarachauhan@example.org,2026-02-24,REGULAR
408,Aarnav Badami,alka39@example.com,2025-12-01,VIP
409,Chakrika Mittal,pahal81@example.net,2024-01-27,PREMIUM
410,Ekalinga Venkatesh,chandani08@example.com,2025-05-13,PREMIUM
411,Yashvi Purohit,warda75@example.com,2026-05-26,VIP
412,Ethan Venkatesh,noahboase@example.org,2025-12-22,REGULAR
413,Vamakshi Kapur,raaginirao@example.net,2023-07-16,PREMIUM
414,Charles Sarna,bandiyoshita@example.org,2024-11-17,VIP
415,Advik Samra,pooja57@example.com,2025-02-05,REGULAR
416,Ishani Kalita,ibutala@example.org,2025-11-24,VIP
417,Veda Sandal,pravi@example.org,2026-06-29,REGULAR
418,Aarush Som,tnayar@example.com,2024-08-16,REGULAR
419,Saksham Kumer,dyalpallavi@example.net,2026-04-07,REGULAR
420,Ekantika Karpe,obail@example.org,2025-06-10,VIP
421,Sanaya Choudhury,samarth96@example.org,2026-06-10,VIP
422,Sachi Narula,frado44@example.org,2025-07-02,PREMIUM
423,Noah Bhat,victoraggarwal@example.org,2026-05-13,VIP
424,Harish Sandhu,vivaan91@example.com,2025-10-18,PREMIUM
425,Meera Behl,chaaya11@example.net,2026-01-30,VIP
426,Dominic Apte,lajita18@example.org,2024-11-28,PREMIUM
427,Hitesh Thakur,sampathpriya@example.org,2026-04-21,REGULAR
428,Ranveer Kar,vmore@example.org,2024-05-30,VIP
429,Ikshita Sankar,wasonoliver@example.com,2026-01-15,PREMIUM
430,Forum Hari,zramachandran@example.net,2024-04-19,REGULAR
431,Rudra Sinha,meghanalal@example.com,2024-01-10,VIP
432,Mitesh Ganesh,rbhasin@example.net,2026-05-13,REGULAR
433,Ekanta Kapoor,oviyaagate@example.net,2025-11-21,VIP
434,Gabriel Dyal,sanghvianita@example.net,2024-02-08,VIP
435,Ishaan Biswas,ykothari@example.net,2023-07-17,REGULAR
436,Sanya Randhawa,doctoroviya@example.com,2026-03-30,VIP
437,Ayaan Barad,kroy@example.net,2024-09-08,PREMIUM
438,Banjeet Johal,voragabriel@example.com,2024-05-23,VIP
439,Vrishti Dada,jmagar@example.com,2025-10-10,PREMIUM
440,Netra Batra,pandeyyauvani@example.com,2025-09-25,PREMIUM
441,Alka Kari,quincybasu@example.net,2024-01-30,PREMIUM
442,Viraj Cheema,xitisur@example.com,2024-08-20,REGULAR
443,Vedhika Thaker,matthewsachdeva@example.com,2026-02-01,PREMIUM
444,Kavya Bajaj,nramesh@example.net,2025-10-07,PREMIUM
445,Chakradev Sekhon,anirudh22@example.com,2025-11-19,PREMIUM
446,Nicholas Handa,hamsinichahal@example.org,2025-09-19,VIP
447,Atharv Morar,tarak18@example.net,2025-11-12,REGULAR
448,Anusha Sanghvi,eaurora@example.org,2025-03-15,PREMIUM
449,Nidra Barman,hramachandran@example.org,2024-02-29,PREMIUM
450,Nathaniel Ravel,gangasinghal@example.net,2024-03-31,REGULAR
451,Niharika Keer,perigeetika@example.com,2025-10-29,VIP
452,Wishi Rout,abhimanyu77@example.org,2025-09-05,REGULAR
453,Devika Nazareth,nirjamistry@example.org,2023-12-13,PREMIUM
454,Sathvik Batra,choudhrycharita@example.net,2026-06-24,PREMIUM
455,Timothy Oak,chakradhar83@example.net,2026-05-21,REGULAR
456,Chaman Bose,mitraubika@example.com,2026-07-06,VIP
457,Yuvraj Bhargava,sdevi@example.org,2023-09-17,PREMIUM
458,Ladli Badal,ekanta70@example.net,2024-10-24,VIP
459,Varsha Solanki,kotharijacob@example.com,2024-09-14,REGULAR
460,Anvi Vig,labandin@example.com,2024-06-08,VIP
461,Ishwar Nath,balakrishnanindira@example.org,2023-10-19,VIP
462,Zaitra De,gaganbail@example.net,2026-02-05,VIP
463,Nandini Rout,bhattinikitaexample.net,2024-11-10,PREMIUM
464,Pallavi Saini,csood@example.net,2025-04-19,REGULAR
465,Triveni Ben,rajannilima@example.net,2026-05-17,REGULAR
466,Oliver Munshi,anushamand@example.org,2026-04-24,REGULAR
467,Zayyan Garde,ganeshtanveer@example.net,2024-09-25,VIP
468,Aarav Varma,farajsarkar@example.org,2024-04-18,VIP
469,Naksh Varty,andrewvirk@example.net,2026-04-08,PREMIUM
470,Reyansh Talwar,loyalwarjas@example.net,2024-09-06,REGULAR
471,Barkha Chhabra,mekhalaloke@example.org,2024-03-01,REGULAR
472,Samuel Rama,daminidyal@example.net,2026-03-25,VIP
473,Yagnesh Pandya,bpant@example.net,2024-04-28,REGULAR
474,Vihaan Varughese,garghenry@example.net,2024-01-09,PREMIUM
475,Shravya Khanna,jagrati19@example.org,2024-02-18,PREMIUM
476,Isha Misra,xnadkarni@example.com,2024-10-03,VIP
477,Onveer Chatterjee,sdesai@example.org,2023-08-26,REGULAR
478,Omya Pall,venkataramanutkarsh@example.net,2025-07-19,PREMIUM
479,Abhiram Pandit,shroffabdul@example.org,2023-08-23,VIP
480,Sanaya Malhotra,girishchopra@example.net,2025-07-15,PREMIUM
481,Chaitanya Shukla,bhaktaethan@example.com,2023-11-08,PREMIUM
482,Oeshi Chandra,arorarachana@example.com,2024-01-13,PREMIUM
483,Yash Narang,patlatarak@example.net,2023-08-07,VIP
484,Noah Varma,mprasad@example.org,2024-12-14,PREMIUM
485,Henry Nazareth,tsom@example.net,2023-11-11,VIP
486,Chandran Kanda,okeer@example.net,2023-09-05,PREMIUM
487,Madhavi Srivastava,matwal@example.com,2024-12-12,PREMIUM
488,Amol Ghose,idikayohannan@example.com,2024-11-23,VIP
489,Aarnav Sahni,kiaanbains@example.com,2025-03-09,PREMIUM
490,Aryan Mody,zilmilkapoor@example.net,2025-06-30,VIP
491,Charita Mistry,kannannaveen@example.org,2024-04-28,VIP
492,Ekavir Chawla,gbalan@example.net,2026-07-06,PREMIUM
493,Rohan Roy,utkarshsethi@example.com,2025-04-17,REGULAR
494,Kashish Majumdar,hritiknair@example.net,2025-03-20,VIP
495,Vanya Deshpande,vbhagat@example.net,2025-03-26,REGULAR
496,Tanish Pandya,fsahni@example.com,2024-10-15,PREMIUM
497,Ekansh Kala,chandrangolla@example.org,2025-11-15,PREMIUM
498,Nakul Parmar,barkha98example.org,2024-07-26,REGULAR
499,Jagdish Mutti,vyanjanaraj@example.com,2026-01-07,VIP
500,Ekani Kunda,aadhyachopra@example.org,2025-01-28,REGULAR
